Distance_(m),Gray_Value
0.000000,2.0000
0.000062,2.0194
0.000123,3.6667
0.000185,6.5269
0.000246,6.5735
0.000308,2.7831
0.000370,0.2562
0.000431,1.2989
0.000493,3.6667
0.000555,6.2475
0.000616,5.2397
0.000678,4.1970
0.000739,2.4338
0.000801,4.1116
0.000863,4.7899
0.000924,4.3173
0.000986,4.6667
0.001047,4.7986
0.001109,5.3333
0.001171,6.1121
0.001232,2.5114
0.001294,2.5036
0.001355,2.1708
0.001417,2.4464
0.001479,2.4658
0.001540,2.9578
0.001602,3.9694
0.001664,3.9811
0.001725,4.0146
0.001787,3.1038
0.001848,2.2329
0.001910,1.6016
0.001972,1.6211
0.002033,2.0247
0.002095,3.4585
0.002156,4.0742
0.002218,4.2154
0.002280,4.1844
0.002341,4.2242
0.002403,4.1208
0.002464,2.2421
0.002526,1.2732
0.002588,0.4891
0.002649,0.9985
0.002711,1.7880
0.002773,2.2213
0.002834,3.7026
0.002896,3.1126
0.002957,3.6172
0.003019,3.0961
0.003081,3.5526
0.003142,4.5633
0.003204,4.7186
0.003265,3.4323
0.003327,3.0378
0.003389,3.0674
0.003450,3.0869
0.003512,3.1063
0.003573,2.4503
0.003635,2.6667
0.003697,7.1368
0.003758,7.7103
0.003820,8.4440
0.003882,7.7336
0.003943,7.2547
0.004005,6.7385
0.004066,6.7191
0.004128,6.8535
0.004190,8.4449
0.004251,7.1965
0.004313,5.2829
0.004374,2.8661
0.004436,1.5924
0.004498,0.2999
0.004559,1.1383
0.004621,2.0000
0.004682,1.8850
0.004744,2.0000
0.004806,1.2445
0.004867,1.1334
0.004929,0.0684
0.004991,0.0000
0.005052,1.0451
0.005114,1.0558
0.005175,4.6885
0.005237,4.6667
0.005299,4.6667
0.005360,4.6667
0.005422,4.6667
0.005483,4.6667
0.005545,3.6667
0.005607,3.6667
0.005668,3.5953
0.005730,2.6114
0.005791,2.0000
0.005853,2.0000
0.005915,2.1965
0.005976,3.9258
0.006038,4.0432
0.006100,5.9214
0.006161,4.9408
0.006223,5.7841
0.006284,5.9796
0.006346,6.1320
0.006408,6.0184
0.006469,5.0378
0.006531,4.9010
0.006592,4.1587
0.006654,4.6667
0.006716,4.6667
0.006777,5.3857
0.006839,5.6667
0.006900,4.6667
0.006962,3.6667
0.007024,2.2183
0.007085,2.0000
0.007147,0.0000
0.007209,0.0000
0.007270,3.6667
0.007332,5.2809
0.007393,2.6667
0.007455,1.0000
0.007517,1.0000
0.007578,1.0000
0.007640,1.0000
0.007701,1.4556
0.007763,2.0000
0.007825,2.6667
0.007886,2.6667
0.007948,2.0000
0.008009,1.4862
0.008071,1.4745
0.008133,2.2344
0.008194,1.7521
0.008256,2.7327
0.008318,3.5226
0.008379,4.0830
0.008441,4.0713
0.008502,3.4527
0.008564,3.0480
0.008626,6.5294
0.008687,4.7409
0.008749,3.3595
0.008810,4.3362
0.008872,6.8821
0.008934,7.5410
0.008995,6.6667
0.009057,5.3785
0.009118,2.6667
0.009180,3.6667
0.009242,4.6667
0.009303,6.4250
0.009365,7.3333
0.009427,6.3333
0.009488,6.1955
0.009550,5.4716
0.009611,0.8166
0.009673,1.8282
0.009735,2.6667
0.009796,2.8151
0.009858,2.0912
0.009919,2.0000
0.009981,0.0000
0.010043,0.0000
0.010104,2.6065
0.010166,2.0000
0.010228,0.9330
0.010289,0.0000
0.010351,0.0000
0.010412,0.9680
0.010474,2.0000
0.010536,2.6521
0.010597,1.0000
0.010659,1.0146
0.010720,2.0175
0.010782,2.7045
0.010844,2.7162
0.010905,1.0611
0.010967,0.0728
0.011028,0.0000
0.011090,0.9039
0.011152,1.0000
0.011213,2.0000
0.011275,2.0000
0.011337,2.0000
0.011398,2.5638
0.011460,1.8341
0.011521,1.6448
0.011583,2.5405
0.011645,2.0000
0.011706,2.6667
0.011768,2.6667
0.011829,2.6667
0.011891,2.6667
0.011953,2.0000
0.012014,2.0000
0.012076,2.0000
0.012137,2.0000
0.012199,2.0000
0.012261,2.0000
0.012322,2.0000
0.012384,2.0000
0.012446,2.0000
0.012507,2.0000
0.012569,2.0000
0.012630,2.0000
0.012692,2.0000
0.012754,2.0000
0.012815,2.0000
0.012877,2.0000
0.012938,2.0000
0.013000,2.0000
0.013062,0.0000
0.013123,0.4803
0.013185,0.4920
0.013246,0.4964
0.013308,0.0000
0.013370,0.5269
0.013431,1.0000
0.013493,1.0000
0.013555,1.0000
0.013616,1.0000
0.013678,1.0000
0.013739,1.0000
0.013801,1.0000
0.013863,1.0000
0.013924,1.0000
0.013986,1.0000
0.014047,0.3450
0.014109,1.3333
0.014171,2.0000
0.014232,2.4600
0.014294,2.4677
0.014355,2.0000
0.014417,1.2751
0.014479,0.2635
0.014540,1.0000
0.014602,1.0000
0.014664,2.0000
0.014725,2.0000
0.014787,2.0000
0.014848,2.0000
0.014910,1.0000
0.014972,1.0000
0.015033,1.2644
0.015095,2.6667
0.015156,3.8020
0.015218,4.6667
0.015280,4.6667
0.015341,4.5662
0.015403,3.5779
0.015464,3.5895
0.015526,2.6230
0.015588,2.6308
0.015649,2.0281
0.015711,2.0204
0.015773,2.0126
0.015834,2.0049
0.015896,2.6667
0.015957,2.6827
0.016019,2.6667
0.016081,3.6667
0.016142,3.6667
0.016204,4.6667
0.016265,4.6667
0.016327,3.6667
0.016389,3.6667
0.016450,2.6667
0.016512,1.1208
0.016573,2.0883
0.016635,2.6667
0.016697,2.8224
0.016758,3.8341
0.016820,3.8457
0.016882,3.8574
0.016943,3.6667
0.017005,3.4527
0.017066,3.4410
0.017128,3.4294
0.017190,3.4178
0.017251,3.4061
0.017313,3.3945
0.017374,3.3828
0.017436,3.3712
0.017498,3.1548
0.017559,2.0000
0.017621,1.0000
0.017682,0.0000
0.017744,0.0000
0.017806,1.0000
0.017867,2.0000
0.017929,2.6667
0.017991,2.2669
0.018052,2.6667
0.018114,3.0902
0.018175,3.6667
0.018237,3.6667
0.018299,3.1252
0.018360,2.6667
0.018422,2.3212
0.018483,5.8486
0.018545,5.4915
0.018607,4.1499
0.018668,3.1383
0.018730,2.6667
0.018791,2.6667
0.018853,3.2300
0.018915,3.8166
0.018976,3.2533
0.019038,2.6667
0.019100,2.6667
0.019161,3.6667
0.019223,5.3333
0.019284,4.9034
0.019346,2.5725
0.019408,0.8850
0.019469,5.5075
0.019531,6.1562
0.019592,6.8908
0.019654,7.5706
0.019716,8.2737
0.019777,9.2620
0.019839,9.2504
0.019901,10.0000
0.019962,9.2271
0.020024,8.2154
0.020085,6.4076
0.020147,7.1921
0.020209,8.1805
0.020270,9.0000
0.020332,9.8428
0.020393,8.7089
0.020455,4.3333
0.020517,5.3333
0.020578,6.0000
0.020640,5.2344
0.020701,3.6667
0.020763,2.6667
0.020825,3.6667
0.020886,4.3333
0.020948,8.1087
0.021010,7.0873
0.021071,5.3624
0.021133,4.3392
0.021194,3.6608
0.021256,3.6667
0.021318,3.6861
0.021379,5.3605
0.021441,9.3159
0.021502,9.3333
0.021564,9.3333
0.021626,11.2460
0.021687,14.5677
0.021749,17.3333
0.021810,20.7889
0.021872,22.5119
0.021934,21.9515
0.021995,22.0524
0.022057,23.6667
0.022119,23.6667
0.022180,24.5255
0.022242,24.3333
0.022303,25.5230
0.022365,25.1514
0.022427,27.8409
0.022488,28.6667
0.022550,27.3333
0.022611,26.6070
0.022673,25.1902
0.022735,23.1354
0.022796,22.3581
0.022858,20.6798
0.022919,20.0015
0.022981,18.0941
0.023043,17.4081
0.023104,14.6885
0.023166,13.1621
0.023228,9.9432
0.023289,8.6667
0.023351,7.0000
0.023412,3.6667
0.023474,2.6667
0.023536,2.6667
0.023597,3.1266
0.023659,2.6667
0.023720,2.6667
0.023782,2.6667
0.023844,2.6667
0.023905,0.5182
0.023967,1.5298
0.024028,3.2082
0.024090,5.7021
0.024152,8.1295
0.024213,10.3843
0.024275,12.2547
0.024337,13.9330
0.024398,17.3333
0.024460,19.0437
0.024521,18.6089
0.024583,18.5895
0.024645,19.0087
0.024706,19.3275
0.024768,20.1980
0.024829,20.8714
0.024891,21.3561
0.024953,20.4236
0.025014,18.7259
0.025076,17.6807
0.025137,15.7482
0.025199,14.9830
0.025261,14.9675
0.025322,14.8093
0.025384,11.6705
0.025446,12.4605
0.025507,13.7263
0.025569,13.0000
0.025630,9.3333
0.025692,7.0000
0.025754,5.7792
0.025815,5.7986
0.025877,5.3333
0.025938,5.3333
0.026000,3.6667
0.026062,3.6667
0.026123,2.7293
0.026185,3.6667
0.026246,3.6274
0.026308,2.6667
0.026370,0.0160
0.026431,1.0000
0.026493,2.6667
0.026555,4.3333
0.026616,5.9796
0.026678,6.0000
0.026739,9.3333
0.026801,9.3988
0.026863,14.5124
0.026924,15.3333
0.026986,18.6332
0.027047,21.9626
0.027109,24.2921
0.027171,26.6667
0.027232,28.6667
0.027294,29.2276
0.027355,27.3333
0.027417,25.2426
0.027479,25.5376
0.027540,26.5298
0.027602,26.2610
0.027664,24.3333
0.027725,22.6667
0.027787,19.0024
0.027848,18.5449
0.027910,17.7001
0.027972,18.0000
0.028033,16.1640
0.028095,13.6667
0.028156,12.0000
0.028218,10.3333
0.028280,8.0000
0.028341,6.9277
0.028403,6.3333
0.028464,5.6667
0.028526,4.6667
0.028588,3.6667
0.028649,2.6667
0.028711,2.6667
0.028773,2.6667
0.028834,2.6667
0.028896,3.2052
0.028957,4.1936
0.029019,4.1820
0.029081,4.6739
0.029142,3.6507
0.029204,2.8006
0.029265,2.3125
0.029327,4.6667
0.029389,4.6667
0.029450,4.2329
0.029512,3.6667
0.029574,3.0771
0.029635,2.2659
0.029697,2.2581
0.029758,2.2504
0.029820,2.6667
0.029882,3.0189
0.029943,3.0073
0.030005,3.6667
0.030066,3.6667
0.030128,2.6667
0.030190,2.6667
0.030251,2.0000
0.030313,2.9374
0.030374,2.1727
0.030436,1.0000
0.030498,1.0000
0.030559,0.0000
0.030621,0.0000
0.030683,1.0000
0.030744,1.0000
0.030806,1.0000
0.030867,1.0000
0.030929,1.0000
0.030991,1.1426
0.031052,2.0000
0.031114,2.6667
0.031175,4.4512
0.031237,5.4745
0.031299,1.0000
0.031360,1.0728
0.031422,2.0000
0.031483,2.6337
0.031545,2.6414
0.031607,2.0000
0.031668,1.0146
0.031730,1.0029
0.031792,0.0000
0.031853,1.0000
0.031915,2.6667
0.031976,4.6667
0.032038,4.7220
0.032100,4.6667
0.032161,3.6667
0.032223,3.6667
0.032284,7.0000
0.032346,7.1135
0.032408,8.1252
0.032469,9.1368
0.032531,9.1485
0.032592,9.1601
0.032654,9.1718
0.032716,8.3668
0.032777,9.1951
0.032839,9.3445
0.032901,11.0728
0.032962,11.8200
0.033024,13.3333
0.033085,15.0801
0.033147,15.7351
0.033209,15.7234
0.033270,18.4803
0.033332,15.8331
0.033393,11.8743
0.033455,9.3231
0.033517,10.0000
0.033578,10.8845
0.033640,11.5473
0.033701,11.5434
0.033763,12.9520
0.033825,12.5473
0.033886,11.2620
0.033948,9.9728
0.034010,9.5721
0.034071,9.5604
0.034133,9.9146
0.034194,11.3333
0.034256,12.5255
0.034318,13.3333
0.034379,15.1674
0.034441,17.3270
0.034502,19.4648
0.034564,22.4236
0.034626,24.7001
0.034687,26.3692
0.034749,33.8734
0.034810,36.0160
0.034872,39.4391
0.034934,42.1237
0.034995,44.9762
0.035057,46.4580
0.035119,47.6041
0.035180,49.6667
0.035242,49.5653
0.035303,51.4367
0.035365,53.1931
0.035427,53.0723
0.035488,53.7234
0.035550,56.0936
0.035611,59.2436
0.035673,61.6463
0.035735,55.7540
0.035796,51.1771
0.035858,46.3333
0.035919,45.1223
0.035981,47.6012
0.036043,49.9782
0.036104,50.8049
0.036166,48.2280
0.036228,46.3333
0.036289,44.2901
0.036351,41.5992
0.036412,33.1747
0.036474,22.6604
0.036536,12.5090
0.036597,7.4440
0.036659,5.1664
0.036720,7.6667
0.036782,6.0000
0.036844,6.9636
0.036905,6.0247
0.036967,9.3333
0.037028,12.3324
0.037090,15.3537
0.037152,19.3479
0.037213,27.2217
0.037275,36.8045
0.037337,45.0306
0.037398,48.2106
0.037460,47.1329
0.037521,44.6914
0.037583,46.6443
0.037645,49.7584
0.037706,55.7802
0.037768,55.7448
0.037829,55.1169
0.037891,58.2897
0.037953,63.3333
0.038014,66.3081
0.038076,67.6608
0.038137,64.6803
0.038199,55.9854
0.038261,50.5153
0.038322,48.0000
0.038384,51.1383
0.038446,57.6477
0.038507,60.7011
0.038569,59.0689
0.038630,53.8632
0.038692,54.4148
0.038754,57.5235
0.038815,57.0320
0.038877,47.4789
0.038938,39.1310
0.039000,36.2373
0.039062,37.2475
0.039123,35.8835
0.039185,32.0306
0.039247,29.1436
0.039308,25.3843
0.039370,21.4702
0.039431,18.9617
0.039493,18.6550
0.039555,19.5386
0.039616,20.7632
0.039678,22.6647
0.039739,29.5255
0.039801,37.2344
0.039863,42.5798
0.039924,45.9098
0.039986,47.5900
0.040047,51.9539
0.040109,56.3654
0.040171,60.3586
0.040232,60.5279
0.040294,57.6405
0.040356,54.3333
0.040417,52.6667
0.040479,55.5182
0.040540,62.0995
0.040602,69.0291
0.040664,64.0277
0.040725,66.5167
0.040787,76.7428
0.040848,84.4891
0.040910,82.0898
0.040972,70.8486
0.041033,62.7627
0.041095,61.8219
0.041156,59.8850
0.041218,62.1718
0.041280,66.3925
0.041341,71.4347
0.041403,77.9418
0.041465,76.4964
0.041526,66.1514
0.041588,52.8996
0.041649,47.1198
0.041711,43.3721
0.041773,44.1048
0.041834,44.2712
0.041896,38.7011
0.041957,28.8370
0.042019,24.0000
0.042081,23.8219
0.042142,25.3683
0.042204,21.0233
0.042265,19.6977
0.042327,28.0000
0.042389,39.2984
0.042450,46.3178
0.042512,45.0509
0.042574,43.6604
0.042635,69.6084
0.042697,67.6667
0.042758,69.0146
0.042820,77.2072
0.042882,84.0029
0.042943,80.3586
0.043005,69.8360
0.043066,60.1936
0.043128,66.4449
0.043190,71.0616
0.043251,74.0742
0.043313,76.1242
0.043374,82.3435
0.043436,85.3231
0.043498,84.6016
0.043559,81.5934
0.043621,77.5852
0.043683,88.4270
0.043744,90.6191
0.043806,81.1557
0.043867,72.3590
0.043929,74.9723
0.043991,82.0961
0.044052,82.8908
0.044114,72.4119
0.044175,65.5415
0.044237,60.6846
0.044299,57.8365
0.044360,55.2576
0.044422,47.0068
0.044483,34.6177
0.044545,22.6230
0.044607,17.7288
0.044668,13.5900
0.044730,10.9403
0.044792,9.2693
0.044853,10.1441
0.044915,12.9563
0.044976,17.3377
0.045038,21.4076
0.045100,39.1601
0.045161,49.5832
0.045223,56.9685
0.045284,56.2547
0.045346,48.6667
0.045408,42.8312
0.045469,42.3231
0.045531,46.2018
0.045592,51.8229
0.045654,54.5808
0.045716,56.0786
0.045777,56.4639
0.045839,56.8908
0.045901,54.3508
0.045962,53.9364
0.046024,52.5983
0.046085,51.9403
0.046147,49.6875
0.046209,47.0859
0.046270,42.4624
0.046332,37.7826
0.046393,33.3362
0.046455,31.3333
0.046517,28.3197
0.046578,25.3333
0.046640,22.9384
0.046701,19.5512
0.046763,15.2897
0.046825,11.4168
0.046886,9.1029
0.046948,7.2911
0.047010,6.0000
0.047071,6.6211
0.047133,4.1194
0.047194,2.6667
0.047256,2.0456
0.047318,1.0946
0.047379,2.0301
0.047441,2.6109
0.047502,2.6303
0.047564,0.0204
0.047626,0.0000
0.047687,1.0000
0.047749,2.0000
0.047810,2.6667
0.047872,3.6667
0.047934,4.3333
0.047995,5.2620
0.048057,3.5837
0.048119,2.6667
0.048180,1.0000
0.048242,2.4702
0.048303,5.8705
0.048365,9.8627
0.048427,13.9258
0.048488,17.9539
0.048550,17.6667
0.048611,19.7496
0.048673,23.1339
0.048735,25.8409
0.048796,27.9985
0.048858,28.4323
0.048920,27.6667
0.048981,27.6667
0.049043,24.8079
0.049104,25.5619
0.049166,26.3333
0.049228,24.5070
0.049289,23.2984
0.049351,21.8734
0.049412,22.4464
0.049474,21.1169
0.049536,19.1208
0.049597,17.5395
0.049659,17.0000
0.049720,14.2606
0.049782,13.3333
0.049844,9.5080
0.049905,9.0000
0.049967,8.3333
0.050029,10.7593
0.050090,12.6448
0.050152,15.6807
0.050213,20.1761
0.050275,24.6696
0.050337,30.0277
0.050398,36.5594
0.050460,40.7409
0.050521,40.3780
0.050583,42.6409
0.050645,44.9054
0.050706,48.0000
0.050768,53.7302
0.050829,57.3450
0.050891,61.4124
0.050953,64.6667
0.051014,66.0990
0.051076,53.1786
0.051138,45.7637
0.051199,53.9170
0.051261,69.6992
0.051322,76.1009
0.051384,69.6667
0.051446,61.2552
0.051507,57.1965
0.051569,64.3333
0.051630,73.9306
0.051692,74.8734
0.051754,60.3333
0.051815,45.2756
0.051877,46.1218
0.051938,55.2780
0.052000,61.6769
0.052062,61.7734
0.052123,61.0000
0.052185,58.4842
0.052247,53.0412
0.052308,45.5910
0.052370,40.6327
0.052431,36.7569
0.052493,33.2358
0.052555,37.3348
0.052616,42.3134
0.052678,42.2475
0.052739,41.7734
0.052801,41.0136
0.052863,44.3188
0.052924,49.0000
0.052986,50.7200
0.053047,54.7191
0.053109,48.9568
0.053171,36.5609
0.053232,35.8093
0.053294,48.1266
0.053356,62.0713
0.053417,68.2242
0.053479,52.4978
0.053540,55.9646
0.053602,56.9491
0.053664,52.4270
0.053725,48.1543
0.053787,50.5590
0.053848,59.9500
0.053910,65.3600
0.053972,72.1994
0.054033,70.2125
0.054095,69.5575
0.054156,69.4905
0.054218,66.7458
0.054280,64.0864
0.054341,64.1252
0.054403,66.2470
0.054465,65.4119
0.054526,69.7962
0.054588,70.5032
0.054649,60.3726
0.054711,46.6376
0.054773,43.5682
0.054834,49.3639
0.054896,53.7482
0.054957,51.1179
0.055019,38.1984
0.055081,28.7787
0.055142,26.0737
0.055204,27.6667
0.055265,33.9971
0.055327,43.8006
0.055389,53.0941
0.055450,52.4381
0.055512,46.0694
0.055574,45.9491
0.055635,53.7656
0.055697,61.8205
0.055758,63.0000
0.055820,59.4512
0.055882,56.6822
0.055943,50.1960
0.056005,55.1703
0.056066,61.7312
0.056128,65.1887
0.056190,67.1732
0.056251,67.9122
0.056313,63.0956
0.056374,59.1951
0.056436,63.5556
0.056498,68.7365
0.056559,74.3231
0.056621,77.7069
0.056683,77.5196
0.056744,73.5415
0.056806,64.4372
0.056867,55.3309
0.056929,56.4003
0.056991,59.9811
0.057052,58.4537
0.057114,52.0160
0.057175,44.5696
0.057237,45.4241
0.057299,56.8297
0.057360,65.1747
0.057422,63.3823
0.057483,46.7846
0.057545,31.5774
0.057607,25.3362
0.057668,24.9330
0.057730,24.3707
0.057792,24.1276
0.057853,26.9127
0.057915,36.9001
0.057976,45.8074
0.058038,42.2547
0.058100,28.8622
0.058161,30.6594
0.058223,50.0393
0.058284,61.6667
0.058346,62.2411
0.058408,56.4964
0.058469,50.2484
0.058531,47.6875
0.058593,51.4571
0.058654,59.3333
0.058716,61.3008
0.058777,62.7817
0.058839,61.7181
0.058901,60.4702
0.058962,59.6157
0.059024,58.4590
0.059085,57.6681
0.059147,58.4774
0.059209,61.9209
0.059270,66.5953
0.059332,68.3100
0.059393,69.3658
0.059455,69.1582
0.059517,66.6638
0.059578,59.5633
0.059640,49.7831
0.059702,46.4643
0.059763,47.0456
0.059825,47.1000
0.059886,38.5895
0.059948,47.5653
0.060010,56.4299
0.060071,53.0000
0.060133,37.8205
0.060194,34.2897
0.060256,41.1485
0.060318,42.1334
0.060379,38.5104
0.060441,32.2707
0.060502,23.7686
0.060564,19.8937
0.060626,26.6812
0.060687,36.6841
0.060749,37.3969
0.060811,31.9651
0.060872,32.7006
0.060934,27.3445
0.060995,31.6099
0.061057,48.7467
0.061119,60.4022
0.061180,62.3755
0.061242,64.0500
0.061303,66.0000
0.061365,67.5983
0.061427,67.0000
0.061488,65.3333
0.061550,61.9330
0.061611,54.9782
0.061673,52.5318
0.061735,56.1121
0.061796,59.7603
0.061858,61.1810
0.061920,61.2969
0.061981,62.1902
0.062043,62.4245
0.062104,61.4047
0.062166,55.6642
0.062228,43.2494
0.062289,35.7132
0.062351,37.0000
0.062412,43.4076
0.062474,50.7817
0.062536,52.7545
0.062597,53.8962
0.062659,51.8908
0.062720,45.7278
0.062782,39.5803
0.062844,26.7889
0.062905,29.4071
0.062967,31.0660
0.063029,27.7249
0.063090,25.1567
0.063152,24.7652
0.063213,29.4396
0.063275,33.1839
0.063337,45.9030
0.063398,45.1819
0.063460,44.5774
0.063521,41.0737
0.063583,38.2096
0.063645,42.0485
0.063706,52.2654
0.063768,56.3333
0.063829,60.0427
0.063891,61.3838
0.063953,63.0873
0.064014,65.0990
0.064076,65.7773
0.064138,64.1223
0.064199,59.9345
0.064261,58.9093
0.064322,63.8806
0.064384,64.4415
0.064446,66.0000
0.064507,66.6667
0.064569,67.7283
0.064630,66.3076
0.064692,62.9549
0.064754,61.3333
0.064815,52.2523
0.064877,46.5400
0.064938,43.1824
0.065000,53.5716
0.065062,58.0000
0.065123,58.7943
0.065185,56.0262
0.065247,50.7889
0.065308,34.3309
0.065370,32.0999
0.065431,31.9229
0.065493,33.9549
0.065555,36.3096
0.065616,34.3275
0.065678,27.8399
0.065739,24.0500
0.065801,19.5022
0.065863,27.5284
0.065924,39.9335
0.065986,47.1383
0.066047,41.7273
0.066109,34.4847
0.066171,42.3290
0.066232,57.1485
0.066294,55.4304
0.066356,53.2780
0.066417,52.4469
0.066479,55.5371
0.066540,61.7176
0.066602,65.7841
0.066664,67.7996
0.066725,68.6114
0.066787,68.3717
0.066848,66.3013
0.066910,63.9025
0.066972,63.7807
0.067033,65.1131
0.067095,66.1354
0.067157,64.7191
0.067218,63.1742
0.067280,59.0000
0.067341,56.8481
0.067403,55.8404
0.067465,59.2489
0.067526,61.1582
0.067588,59.8598
0.067649,59.8326
0.067711,60.0078
0.067773,59.1116
0.067834,61.7263
0.067896,50.7196
0.067957,35.5328
0.068019,32.4745
0.068081,32.0442
0.068142,30.5861
0.068204,33.7817
0.068266,28.7482
0.068327,31.0757
0.068389,38.8894
0.068450,45.5842
0.068512,41.0742
0.068574,36.9869
0.068635,48.4362
0.068697,63.2106
0.068758,65.9913
0.068820,69.3164
0.068882,67.9874
0.068943,63.3741
0.069005,53.2955
0.069066,53.1436
0.069128,56.8472
0.069190,57.9219
0.069251,63.3411
0.069313,64.5327
0.069375,64.0000
0.069436,60.7458
0.069498,60.4964
0.069559,61.5391
0.069621,55.7035
0.069683,48.7307
0.069744,46.4847
0.069806,44.7099
0.069867,44.7016
0.069929,52.6507
0.069991,56.4381
0.070052,56.0000
0.070114,56.1703
0.070175,60.6667
0.070237,59.2838
0.070299,59.9534
0.070360,56.2688
0.070422,50.6900
0.070484,47.5711
0.070545,48.1111
0.070607,45.6084
0.070668,40.7647
0.070730,38.5619
0.070792,36.9869
0.070853,38.7530
0.070915,33.3280
0.070976,28.3901
0.071038,38.0490
0.071100,56.1048
0.071161,65.1164
0.071223,41.4871
0.071284,40.0000
0.071346,45.0509
0.071408,53.8612
0.071469,55.9413
0.071531,51.4541
0.071593,49.2397
0.071654,52.0767
0.071716,58.1033
0.071777,64.2208
0.071839,66.3333
0.071901,64.1194
0.071962,61.7322
0.072024,61.0112
0.072085,57.7103
0.072147,53.2120
0.072209,52.8258
0.072270,64.3261
0.072332,71.7632
0.072393,72.0097
0.072455,65.6405
0.072517,61.6851
0.072578,61.5492
0.072640,62.8748
0.072702,52.2848
0.072763,50.5085
0.072825,50.4498
0.072886,52.0689
0.072948,55.3624
0.073010,56.2620
0.073071,53.8646
0.073133,51.3862
0.073194,43.6143
0.073256,36.8704
0.073318,28.7623
0.073379,24.9127
0.073441,28.2538
0.073502,38.0718
0.073564,51.0000
0.073626,60.6667
0.073687,68.4968
0.073749,64.5444
0.073811,56.0000
0.073872,50.6541
0.073934,50.3071
0.073995,54.9369
0.074057,62.9719
0.074119,68.4090
0.074180,73.1494
0.074242,78.2028
0.074303,80.5080
0.074365,74.6283
0.074427,66.5119
0.074488,63.2096
0.074550,68.0277
0.074611,74.2441
0.074673,85.4090
0.074735,83.7928
0.074796,73.8103
0.074858,58.0786
0.074920,50.6274
0.074981,54.3333
0.075043,60.0888
0.075104,61.5366
0.075166,58.9311
0.075228,51.6972
0.075289,46.0466
0.075351,45.6332
0.075412,48.0888
0.075474,46.8035
0.075536,38.8156
0.075597,30.4803
0.075659,26.3333
0.075720,25.8142
0.075782,26.4818
0.075844,26.4362
0.075905,24.9214
0.075967,23.8064
0.076029,22.5434
0.076090,22.3503
0.076152,26.5357
0.076213,30.9922
0.076275,39.4736
0.076337,48.9534
0.076398,58.6264
0.076460,65.1708
0.076521,67.7715
0.076583,68.3333
0.076645,68.8564
0.076706,67.8355
0.076768,64.6604
0.076830,61.5352
0.076891,58.7103
0.076953,60.5740
0.077014,64.7040
0.077076,67.3872
0.077138,69.9287
0.077199,68.5604
0.077261,65.9913
0.077322,64.8001
0.077384,63.6211
0.077446,65.2082
0.077507,67.0349
0.077569,66.1189
0.077630,57.3159
0.077692,49.7720
0.077754,44.5944
0.077815,39.1223
0.077877,34.1160
0.077939,29.0767
0.078000,21.0655
0.078062,15.0053
0.078123,10.6094
0.078185,6.7031
0.078247,4.0000
0.078308,4.0000
0.078370,4.7293
0.078431,6.6667
0.078493,6.5022
0.078555,5.5648
0.078616,5.8588
0.078678,4.2038
0.078739,4.2154
0.078801,4.2271
0.078863,4.3964
0.078924,5.1383
0.078986,6.8569
0.079048,6.8855
0.079109,10.4454
0.079171,11.4182
0.079232,11.7409
0.079294,12.6929
0.079356,13.6696
0.079417,11.6633
0.079479,11.3115
0.079540,9.2999
0.079602,10.7419
0.079664,9.0568
0.079725,8.0000
0.079787,6.3333
0.079848,5.1805
0.079910,4.1611
0.079972,4.0650
0.080033,4.0378
0.080095,3.3333
0.080157,4.3333
0.080218,5.1718
0.080280,3.3333
0.080341,2.0000
0.080403,0.8035
0.080465,1.7918
0.080526,2.6667
0.080588,5.4876
0.080649,5.3333
0.080711,4.3333
0.080773,3.3333
0.080834,2.6667
0.080896,1.7103
0.080957,0.6987
0.081019,0.0000
0.081081,2.0000
0.081142,2.0000
0.081204,2.0000
0.081266,2.4270
0.081327,2.0000
0.081389,2.0000
0.081450,2.0000
0.081512,2.0000
0.081574,5.0000
0.081635,5.0000
0.081697,7.6667
0.081758,7.6667
0.081820,9.8690
0.081882,11.6827
0.081943,14.1790
0.082005,15.8341
0.082066,19.3406
0.082128,16.8559
0.082190,15.2237
0.082251,15.2431
0.082313,16.4867
0.082375,16.9486
0.082436,16.9680
0.082498,15.5924
0.082559,10.4585
0.082621,12.3071
0.082683,15.0000
0.082744,17.4260
0.082806,18.3173
0.082867,18.1038
0.082929,17.1232
0.082991,15.6856
0.083052,19.0611
0.083114,17.1815
0.083175,14.3333
0.083237,11.6667
0.083299,9.9229
0.083360,10.6667
0.083422,11.4338
0.083484,12.4454
0.083545,12.9301
0.083607,13.0000
0.083668,13.2712
0.083730,12.0000
0.083792,13.6196
0.083853,15.1315
0.083915,18.1936
0.083976,22.4959
0.084038,26.4886
0.084100,28.0699
0.084161,30.3954
0.084223,33.6667
0.084284,36.9534
0.084346,40.9030
0.084408,44.1625
0.084469,47.1819
0.084531,52.5425
0.084593,53.2790
0.084654,52.3333
0.084716,50.7482
0.084777,49.8219
0.084839,49.8530
0.084901,51.7288
0.084962,53.2169
0.085024,54.1164
0.085085,55.6123
0.085147,57.2630
0.085209,57.2475
0.085270,56.9452
0.085332,54.3333
0.085393,51.5196
0.085455,48.3028
0.085517,40.4891
0.085578,36.6667
0.085640,33.2091
0.085702,29.0660
0.085763,25.6448
0.085825,22.5871
0.085886,20.1097
0.085948,18.3333
0.086010,15.7438
0.086071,14.8452
0.086133,16.3726
0.086194,16.9156
0.086256,20.0000
0.086318,21.9811
0.086379,26.3188
0.086441,29.9005
0.086502,46.6143
0.086564,52.2586
0.086626,57.0723
0.086687,59.7162
0.086749,59.0422
0.086811,59.8278
0.086872,62.4192
0.086934,65.1383
0.086995,66.0383
0.087057,68.5459
0.087119,71.8447
0.087180,74.2882
0.087242,75.1266
0.087303,73.5041
0.087365,71.5289
0.087427,69.0480
0.087488,63.0951
0.087550,62.6419
0.087612,62.8632
0.087673,62.1902
0.087735,60.7215
0.087796,57.2606
0.087858,52.4129
0.087920,48.8307
0.087981,49.1718
0.088043,45.8278
0.088104,43.1737
0.088166,40.6550
0.088228,38.0087
0.088289,35.3130
0.088351,32.3654
0.088412,28.8942
0.088474,21.9253
0.088536,18.7787
0.088597,15.3207
0.088659,12.0995
0.088721,11.6143
0.088782,12.5201
0.088844,16.2082
0.088905,17.2620
0.088967,25.0252
0.089029,27.9292
0.089090,31.0640
0.089152,32.2834
0.089213,32.3688
0.089275,32.4643
0.089337,35.7433
0.089398,37.9655
0.089460,45.0277
0.089521,47.9064
0.089583,50.2790
0.089645,51.7918
0.089706,52.3032
0.089768,55.3333
0.089830,58.6448
0.089891,60.9762
0.089953,60.9966
0.090014,60.9782
0.090076,60.5842
0.090138,58.1999
0.090199,55.1572
0.090261,51.1742
0.090322,47.5478
0.090384,42.5560
0.090446,35.4459
0.090507,31.7521
0.090569,30.5677
0.090630,26.4076
0.090692,24.3843
0.090754,21.0786
0.090815,18.7259
0.090877,16.9811
0.090939,19.2285
0.091000,17.6686
0.091062,13.7186
0.091123,11.4440
0.091185,11.0000
0.091247,10.3333
0.091308,9.8384
0.091370,10.0257
0.091431,10.8016
0.091493,12.0000
0.091555,14.3333
0.091616,17.3333
0.091678,19.8908
0.091739,20.6608
0.091801,23.4328
0.091863,24.0917
0.091924,25.6667
0.091986,27.6143
0.092048,30.9360
0.092109,33.9243
0.092171,32.7196
0.092232,32.3333
0.092294,33.7040
0.092356,33.0000
0.092417,34.6667
0.092479,32.9859
0.092540,31.0000
0.092602,29.0044
0.092664,27.5138
0.092725,26.7176
0.092787,26.0495
0.092848,24.9146
0.092910,24.2673
0.092972,20.6667
0.093033,17.6667
0.093095,15.3333
0.093157,14.0000
0.093218,13.0000
0.093280,10.0000
0.093341,7.6914
0.093403,4.9869
0.093465,4.9985
0.093526,5.0102
0.093588,5.0218
0.093649,4.1334
0.093711,4.1412
0.093773,4.1490
0.093834,3.8918
0.093896,3.4134
0.093957,2.6667
0.094019,3.6667
0.094081,4.5517
0.094142,6.3333
0.094204,6.4634
0.094266,4.3333
0.094327,2.5522
0.094389,2.6667
0.094450,3.6667
0.094512,4.5298
0.094574,3.5415
0.094635,1.8865
0.094697,0.8981
0.094758,1.9098
0.094820,2.6667
0.094882,5.5997
0.094943,5.6114
0.095005,4.6230
0.095066,3.6667
0.095128,3.6463
0.095190,3.6579
0.095251,4.6686
0.095313,5.3333
0.095375,4.6667
0.095436,4.6667
0.095498,2.6667
0.095559,2.6667
0.095621,3.6667
0.095683,3.6667
0.095744,2.6667
0.095806,1.8923
0.095867,0.1194
0.095929,0.1310
0.095991,0.8574
0.096052,1.8457
0.096114,2.5560
0.096175,2.5483
0.096237,2.6667
0.096299,2.8675
0.096360,2.3542
0.096422,2.2242
0.096484,1.0000
0.096545,0.2475
0.096607,0.7409
0.096668,0.7293
0.096730,1.7176
0.096792,2.8826
0.096853,4.8515
0.096915,3.1378
0.096976,1.0000
0.097038,1.0000
0.097100,1.3523
0.097161,2.3639
0.097223,2.3755
0.097285,1.3872
0.097346,2.3988
0.097408,2.4105
0.097469,2.4221
0.097531,2.4338
0.097593,2.4454
0.097654,2.4571
0.097716,2.4687
0.097777,2.4803
0.097839,2.5080
0.097901,2.4964
0.097962,2.5153
0.098024,2.5269
0.098085,2.5386
0.098147,2.9170
0.098209,3.0000
0.098270,3.0000
0.098332,4.6667
0.098394,4.0699
0.098455,3.6667
0.098517,3.2533
0.098578,3.0000
0.098640,2.0000
0.098702,2.0000
0.098763,1.6667
0.098825,4.3450
0.098886,3.6667
0.098948,2.2984
0.099010,1.2868
0.099071,1.2751
0.099133,1.0000
0.099194,1.7482
0.099256,1.5197
0.099318,6.1048
0.099379,6.1164
0.099441,6.8632
0.099503,8.6128
0.099564,10.3328
0.099626,10.4891
0.099687,11.5240
0.099749,12.4119
0.099811,15.0349
0.099872,14.2130
0.099934,14.3678
0.099995,13.7991
0.100057,13.0000
0.100119,12.1543
0.100180,12.1310
0.100242,11.1616
0.100303,10.0704
0.100365,10.0509
0.100427,10.0315
0.100488,10.0073
0.100550,9.9956
0.100612,9.0000
0.100673,8.0277
0.100735,8.0393
0.100796,7.2038
0.100858,8.1252
0.100920,7.0000
0.100981,5.3333
0.101043,3.3333
0.101104,2.7394
0.101166,4.2125
0.101228,5.7792
0.101289,7.8559
0.101351,7.8443
0.101412,7.8326
0.101474,7.8210
0.101536,8.8093
0.101597,8.7977
0.101659,9.1907
0.101721,9.1829
0.101782,5.9039
0.101844,7.7482
0.101905,12.0141
0.101967,15.6667
0.102029,18.3333
0.102090,19.0000
0.102152,19.8976
0.102213,20.4396
0.102275,23.7797
0.102337,26.4386
0.102398,29.8617
0.102460,30.9680
0.102521,32.2897
0.102583,34.2780
0.102645,36.7331
0.102706,39.0000
0.102768,38.8472
0.102830,38.8705
0.102891,36.8937
0.102953,35.2780
0.103014,33.3333
0.103076,29.8515
0.103138,27.6798
0.103199,25.9898
0.103261,26.3222
0.103322,25.1951
0.103384,25.2067
0.103446,24.9195
0.103507,23.1266
0.103569,19.1917
0.103630,15.3333
0.103692,12.3333
0.103754,12.4799
0.103815,11.0000
0.103877,11.0000
0.103939,9.3333
0.104000,8.6565
0.104062,8.0000
0.104123,7.3202
0.104185,8.3086
0.104247,10.9636
0.104308,13.8569
0.104370,16.6982
0.104431,17.9287
0.104493,20.0000
0.104555,22.0000
0.104616,25.9549
0.104678,27.8564
0.104739,29.4629
0.104801,28.6667
0.104863,29.5463
0.104924,30.4978
0.104986,32.5095
0.105048,33.3755
0.105109,33.0209
0.105171,31.2591
0.105232,35.0383
0.105294,33.2048
0.105356,32.2591
0.105417,28.7225
0.105479,26.7865
0.105540,25.1761
0.105602,22.9457
0.105664,22.5987
0.105725,19.9709
0.105787,16.9884
0.105848,13.3333
0.105910,11.6492
0.105972,10.6667
0.106033,10.3469
0.106095,9.4032
0.106157,8.3333
0.106218,7.5657
0.106280,6.2460
0.106341,5.3333
0.106403,5.3333
0.106465,4.4556
0.106526,4.6012
0.106588,3.7700
0.106649,3.3479
0.106711,4.7836
0.106773,3.6943
0.106834,3.5255
0.106896,5.3333
0.106958,7.4309
0.107019,10.1208
0.107081,11.1441
0.107142,10.9170
0.107204,11.1907
0.107266,12.1228
0.107327,13.9039
0.107389,16.6303
0.107450,17.6419
0.107512,17.6536
0.107574,17.3333
0.107635,16.6769
0.107697,16.0437
0.107758,19.3668
0.107820,22.0451
0.107882,20.2601
0.107943,15.3333
0.108005,10.6667
0.108067,8.0000
0.108128,6.3333
0.108190,8.3333
0.108251,7.2067
0.108313,7.1383
0.108375,7.1834
0.108436,6.6667
0.108498,5.6667
0.108559,5.1485
0.108621,5.1368
0.108683,3.9025
0.108744,3.3688
0.108806,2.0000
0.108867,2.0000
0.108929,2.4119
0.108991,1.8006
0.109052,0.3886
0.109114,0.0000
0.109176,0.0000
0.109237,1.6463
0.109299,3.4386
0.109360,5.3362
0.109422,6.6667
0.109484,6.6667
0.109545,6.3712
0.109607,5.6667
0.109668,5.6667
0.109730,5.6667
0.109792,5.6667
0.109853,6.4294
0.109915,7.2154
0.109976,7.2387
0.110038,7.4643
0.110100,7.4760
0.110161,1.3581
0.110223,2.1674
0.110285,3.6667
0.110346,5.6667
0.110408,6.6667
0.110469,6.6667
0.110531,6.5575
0.110593,6.5691
0.110654,5.5808
0.110716,5.5924
0.110777,5.6041
0.110839,5.6667
0.110901,6.5881
0.110962,6.6114
0.111024,6.6346
0.111085,6.6579
0.111147,3.6594
0.111209,3.6477
0.111270,2.6667
0.111332,2.6667
0.111394,2.6667
0.111455,3.5575
0.111517,3.5381
0.111578,4.4891
0.111640,2.0000
0.111702,2.6667
0.111763,3.6667
0.111825,3.6667
0.111886,2.6667
0.111948,2.0000
0.112010,2.6667
0.112071,3.6667
0.112133,0.8064
0.112194,0.7948
0.112256,1.0000
0.112318,2.0000
0.112379,2.0000
0.112441,1.7482
0.112503,0.2635
0.112564,0.0000
0.112626,2.0000
0.112687,2.0000
0.112749,2.0000
0.112811,2.0000
0.112872,2.0000
0.112934,2.0000
0.112995,2.0000
0.113057,2.0000
0.113119,1.0000
0.113180,1.0000
0.113242,1.0000
0.113303,1.0000
0.113365,1.4265
0.113427,2.0000
0.113488,2.0000
0.113550,2.0000
0.113612,1.4731
0.113673,1.0000
0.113735,0.0000
0.113796,0.0000
0.113858,0.0000
0.113920,0.0000
0.113981,1.0000
0.114043,1.0000
0.114104,1.4338
0.114166,1.4221
0.114228,1.4105
0.114289,2.2659
0.114351,2.2581
0.114412,2.2504
0.114474,2.2426
0.114536,2.2348
0.114597,2.0000
0.114659,2.0000
0.114721,2.0000
0.114782,2.0000
0.114844,1.7060
0.114905,1.7176
0.114967,1.7293
0.115029,1.7409
0.115090,2.4124
0.115152,4.1383
0.115213,5.3392
0.115275,4.0917
0.115337,1.3348
0.115398,0.1892
0.115460,2.1184
0.115521,4.8326
0.115583,3.6667
0.115645,3.5240
0.115706,2.6667
0.115768,2.0796
0.115830,2.0718
0.115891,2.6667
0.115953,3.5822
0.116014,3.6667
0.116076,2.7278
0.116138,2.0330
0.116199,1.0378
0.116261,2.0175
0.116322,3.6812
0.116384,5.6696
0.116446,5.6667
0.116507,5.6667
0.116569,4.6026
0.116631,4.5793
0.116692,4.6114
0.116754,3.6667
0.116815,3.6667
0.116877,2.1504
0.116939,1.1698
0.117000,0.2271
0.117062,2.0835
0.117123,2.8035
0.117185,3.8151
0.117247,3.1470
0.117308,3.8384
0.117370,3.8501
0.117431,2.8617
0.117493,2.6667
0.117555,2.0000
0.117616,3.6667
0.117678,4.6667
0.117740,3.9199
0.117801,3.4017
0.117863,2.4823
0.117924,3.6667
0.117986,5.6667
0.118048,8.1257
0.118109,7.7948
0.118171,7.3319
0.118232,6.3202
0.118294,4.6667
0.118356,3.6667
0.118417,2.6667
0.118479,2.6667
0.118540,5.2620
0.118602,3.6667
0.118664,2.2853
0.118725,0.8792
0.118787,0.4512
0.118849,1.0000
0.118910,2.0000
0.118972,2.8564
0.119033,2.6667
0.119095,2.0000
0.119157,1.4789
0.119218,1.4672
0.119280,1.0000
0.119341,2.0000
0.119403,2.6667
0.119465,3.2460
0.119526,2.6667
0.119588,3.6667
0.119649,4.0524
0.119711,5.0408
0.119773,5.0291
0.119834,5.3159
0.119896,4.9884
0.119958,4.6841
0.120019,7.0175
0.120081,7.0291
0.120142,7.3333
0.120204,7.3333
0.120266,7.3333
0.120327,7.3333
0.120389,7.5793
0.120450,7.5677
0.120512,7.1106
0.120574,7.4372
0.120635,7.1339
0.120697,7.1456
0.120758,6.9811
0.120820,6.1689
0.120882,6.1805
0.120943,6.1921
0.121005,5.2038
0.121067,5.2154
0.121128,6.2271
0.121190,5.3333
0.121251,4.3333
0.121313,3.5953
0.121375,2.0000
0.121436,1.0000
0.121498,3.6303
0.121559,3.6667
0.121621,2.6885
0.121683,2.0034
0.121744,0.9898
0.121806,1.9563
0.121867,4.3110
0.121929,6.3333
0.121991,4.3333
0.122052,4.3333
0.122114,4.3333
0.122176,4.3333
0.122237,4.3333
0.122299,4.3333
0.122360,5.3333
0.122422,5.3333
0.122484,4.2334
0.122545,5.0640
0.122607,5.1601
0.122668,6.1485
0.122730,6.3333
0.122792,7.3333
0.122853,7.4799
0.122915,8.0000
0.122976,8.0000
0.123038,7.5032
0.123100,7.3333
0.123161,6.6114
0.123223,5.6230
0.123285,5.3333
0.123346,4.6463
0.123408,5.0087
0.123469,5.6696
0.123531,5.6812
0.123593,6.3333
0.123654,6.3333
0.123716,5.9505
0.123777,4.3333
0.123839,3.0728
0.123901,2.2785
0.123962,0.0000
0.124024,1.0000
0.124085,2.6667
0.124147,4.6667
0.124209,4.1426
0.124270,2.6667
0.124332,0.0000
0.124394,0.0000
0.124455,0.0000
0.124517,1.5342
0.124578,3.6667
0.124640,4.2242
0.124702,3.2358
0.124763,2.9680
0.124825,1.9874
0.124886,2.4027
0.124948,3.2824
0.125010,3.2940
0.125071,3.3057
0.125133,3.6667
0.125195,3.6667
0.125256,3.6667
0.125318,3.6667
0.125379,3.6667
0.125441,1.0000
0.125503,0.7205
0.125564,0.7322
0.125626,0.7438
0.125687,0.7555
0.125749,1.0000
0.125811,1.0000
0.125872,1.0000
0.125934,4.2707
0.125995,3.4803
0.126057,2.1164
0.126119,1.1630
0.126180,1.1514
0.126242,2.0932
0.126304,3.5386
0.126365,4.4338
0.126427,2.5968
0.126488,2.6046
0.126550,2.6123
0.126612,2.6201
0.126673,2.6667
0.126735,3.6667
0.126796,3.6667
0.126858,3.6667
0.126920,3.6589
0.126981,3.0000
